feature,coefficient
num__power_hp,0.14890736265864796
num__fuel_id,0.018597981823580165
num__mileage_km,-0.6147171964196029
num__age_years,-1.126929606660573
num__price_eur,-1.2888341528460125
