feature,importance
num__price_eur,0.3821643672411107
num__mileage_km,0.3563329835980122
num__age_years,0.1522751383254034
num__power_hp,0.07293901532835219
num__fuel_id,0.036288495507121654
